name,suburb,rating,review_count,price_level,cuisine,website,seifa_score,region,population,weekend_status,target_audience,price_score
Civico 47,Paddington,4.8,560,unknown,,http://www.civico47.com/,1178,Inner East,12701,Weekdays only,General locals,
Nori Table Paddington,Paddington,4.9,140,unknown,,,1178,Inner East,12701,Weekend friendly,General locals,
Fred's,Paddington,4.4,779,$$$$,,https://merivale.com/venues/freds?&utm_source=googlemybusiness_venue&utm_medium=organic&utm_campaign=googlemybusiness_venue_organic_freds&utm_content=website,1178,Inner East,12701,Weekend friendly,Affluent locals,4
"I Maccheroni, Italian Osteria, Paddington",Paddington,4.7,1021,$,bar,https://imaccheroni.com.au/,1178,Inner East,12701,Weekend friendly,Budget / community,1
Chubby Cheeks,Paddington,4.7,462,$$,"bar, meal_takeaway",https://chubbycheekspaddo.com.au/,1178,Inner East,12701,Weekend friendly,General locals,2
Tequila Mockingbird,Paddington,4.6,880,$$$,,https://www.tequila-mockingbird.com.au/,1178,Inner East,12701,Weekend friendly,Affluent locals,3
10 William St,Paddington,4.5,661,$$$,bar,http://10williamst.com.au/,1178,Inner East,12701,Weekdays only,Affluent locals,3
Ursula's Paddington,Paddington,4.5,410,unknown,,http://ursulas.com.au/,1178,Inner East,12701,Weekdays only,General locals,
IL BARETTO,Paddington,4.4,354,unknown,,http://www.ilbaretto.com/,1178,Inner East,12701,Weekend friendly,General locals,
Paddo Inn,Paddington,4.2,633,$$,bar,https://www.paddoinn.com.au/?utm_source=google&utm_medium=organic&utm_campaign=gbp&utm_content=Paddo_Inn_-_Paddington&utm_term=plcid_13083565039621970458,1178,Inner East,12701,Weekend friendly,General locals,2
Barbetta,Paddington,4.4,529,$$,"bar, cafe, store",http://barbetta.com.au/,1178,Inner East,12701,Weekend friendly,General locals,2
Porcine,Paddington,4.7,228,unknown,,http://www.porcine.com.au/,1178,Inner East,12701,Weekend friendly,General locals,
Caness,Paddington,4.8,140,unknown,bar,https://caness.com.au/,1178,Inner East,12701,Weekend friendly,General locals,
Arthouse Kitchen,Paddington,4.8,223,unknown,cafe,http://arthousekitchen.com.au/,1178,Inner East,12701,Weekdays only,General locals,
Saint Peter at The Grand National Hotel,Paddington,4.6,1426,$$$,,http://www.saintpeter.com.au/,1178,Inner East,12701,Weekend friendly,Affluent locals,3
Vino e Cucina Italian Restaurant Sydney,Paddington,4.4,958,$$,bar,http://www.vinoecucina.com.au/,1178,Inner East,12701,Weekend friendly,General locals,2
Love Supreme,Paddington,4.2,462,$$,,http://www.lovesupreme.au/,1178,Inner East,12701,Weekend friendly,General locals,2
Four in Hand Hotel,Paddington,4.1,560,$$,bar,https://www.fourinhand.com.au/?utm_source=local&utm_medium=organic&utm_campaign=gmb,1178,Inner East,12701,Weekend friendly,General locals,2
Bar Conte Surry Hills,Paddington,4.7,608,unknown,"bar, cafe",https://www.barconte.com.au/,1178,Inner East,12701,Weekdays only,General locals,
Fresca Kitchen/Burgerroo,Paddington,4.9,218,unknown,meal_takeaway,,1178,Inner East,12701,Weekdays only,General locals,
The Pantry Manly,Manly,4.5,3254,$$,,http://www.thepantrymanly.com/,1169,Northern Beaches,16296,Weekend friendly,Tourist friendly,2
Hugos Manly,Manly,4.4,1878,$$$,bar,http://www.hugosmanly.com.au/,1169,Northern Beaches,16296,Weekend friendly,Affluent locals,3
LITTLE ITALY MANLY,Manly,4.9,23,unknown,,,1169,Northern Beaches,16296,Weekend friendly,General locals,
Cibaria Manly,Manly,4.6,719,unknown,"bar, store",https://www.cibariamanly.au/,1169,Northern Beaches,16296,Weekend friendly,General locals,
Garfish Manly,Manly,4.5,1287,$$$,bar,http://www.garfish.com.au/,1169,Northern Beaches,16296,Weekend friendly,Affluent locals,3
Tijuana's Manly,Manly,4.6,571,unknown,,https://tijuanasmanly.com.au/,1169,Northern Beaches,16296,Weekend friendly,General locals,
Banco Manly,Manly,4.9,314,unknown,bar,http://bancomanly.com/,1169,Northern Beaches,16296,Weekend friendly,General locals,
Manly Pavilion,Manly,4.3,1157,$$$,"bar, night_club",https://www.manly-pavilion.com.au/,1169,Northern Beaches,16296,Weekend friendly,Affluent locals,3
Manly Grill,Manly,4.4,2244,$$,bar,http://www.manlygrill.com.au/,1169,Northern Beaches,16296,Weekend friendly,Tourist friendly,2
Nikkita,Manly,4.7,139,unknown,,http://www.nikkitamanly.com.au/,1169,Northern Beaches,16296,Weekend friendly,General locals,
Bella Vista Manly,Manly,4.4,1607,$$,cafe,http://www.bellavistamanly.com.au/,1169,Northern Beaches,16296,Weekend friendly,General locals,2
Felons Seafood,Manly,4.3,345,unknown,bar,https://felonsseafood.com.au/,1169,Northern Beaches,16296,Weekend friendly,General locals,
The Herring Room,Manly,4.7,790,$$$,bar,http://www.theherringroom.com.au/,1169,Northern Beaches,16296,Weekdays only,Affluent locals,3
Fins & Ribs Manly,Manly,4.5,733,$$,bar,https://www.finsandribs.com.au/?utm_source=google&utm_medium=business_profile&utm_campaign=tradius&utm_content=website_button,1169,Northern Beaches,16296,Weekend friendly,General locals,2
4 Pines Bonsai Izakaya,Manly,4.9,367,unknown,bar,https://4pinesbeer.com.au/venues/bonsai-izakaya,1169,Northern Beaches,16296,Weekend friendly,General locals,
Tokyo Cloud,Manly,4.5,261,unknown,cafe,http://www.tokyocloud.au/,1169,Northern Beaches,16296,Weekend friendly,General locals,
Hemingway's Manly,Manly,4.3,997,$$,bar,http://www.hemingwaysmanly.com.au/,1169,Northern Beaches,16296,Weekend friendly,General locals,2
Kazzi Beach Greek Manly,Manly,4.3,786,$$,,http://www.kazzibeachgreek.com.au/,1169,Northern Beaches,16296,Weekend friendly,General locals,2
Shore Beach Club,Manly,4.1,134,$,bar,https://shorebeachhouse.com.au/shore-beach-club/,1169,Northern Beaches,16296,Weekend friendly,Budget / community,1
Fratelli Fresh Manly,Manly,4.1,634,unknown,,https://fratellifresh.com.au/venues/manly/?utm_source=google&utm_medium=organic&utm_campaign=gmb&utm_content=manly,1169,Northern Beaches,16296,Weekend friendly,General locals,
Capriccio Osteria Italian Restaurant in Leichhardt Sydney,Leichhardt,4.7,2026,$$,"bar, grocery_or_supermarket, store",https://capriccio.sydney/?utm_source=GBP&utm_medium=organic,1144,Inner West,15158,Weekend friendly,Tourist friendly,2
Bar Italia,Leichhardt,4.3,2942,$,"meal_takeaway, store",https://www.baritalia.net.au/,1144,Inner West,15158,Weekend friendly,Tourist friendly,1
Moretti Italian Restaurant Leichhardt,Leichhardt,4.4,1348,$$,meal_takeaway,http://www.moretti.com.au/,1144,Inner West,15158,Weekend friendly,General locals,2
La Botte D'Oro Restaurant,Leichhardt,4.7,617,$$,,https://www.labottedoro.com.au/,1144,Inner West,15158,Weekend friendly,General locals,2
Grappa Ristorante e Bar,Leichhardt,4.6,1183,$$$,bar,http://www.grappa.com.au/,1144,Inner West,15158,Weekend friendly,General locals,3
The Barrel Room,Leichhardt,4.8,114,$$,bar,http://www.barrelroomleichhardt.com.au/,1144,Inner West,15158,Weekdays only,General locals,2
Aperitivo Pizza And Pasta Italian Restaurant In Leichhardt Sydney,Leichhardt,4.5,911,$$,"bar, grocery_or_supermarket, meal_delivery, meal_takeaway, store",https://aperitivopizzapasta.com.au/?utm_source=GBP&utm_medium=organic,1144,Inner West,15158,Weekend friendly,General locals,2
monté,Leichhardt,4.7,587,$$,,http://www.restaurantmonte.com.au/,1144,Inner West,15158,Weekdays only,General locals,2
Pan Roma Restaurant,Leichhardt,4.8,131,$$,,,1144,Inner West,15158,Weekdays only,General locals,2
The Grumpy Italian Leichhardt,Leichhardt,4.4,69,unknown,"meal_delivery, meal_takeaway",https://leichhardt.thegrumpyitalian.com.au/,1144,Inner West,15158,Weekend friendly,General locals,
La Bottega Leichhardt,Leichhardt,4.4,671,$$,"cafe, store",https://www.labottegacafe.com/,1144,Inner West,15158,Weekend friendly,General locals,2
Cafe Gioia Leichhardt,Leichhardt,4.1,794,$$,,https://www.gioiacafe.com/,1144,Inner West,15158,Weekend friendly,General locals,2
The Royal Leichhardt,Leichhardt,4.3,1398,$$,"bar, liquor_store, store",http://www.theroyalleichhardt.com.au/,1144,Inner West,15158,Weekend friendly,General locals,2
Il Cugino Pizzeria Leichhardt,Leichhardt,4.6,359,$,,http://restaurantwebexperts.com/IlCuginoPizzeria/,1144,Inner West,15158,Weekend friendly,Budget / community,1
Naughty Goat Café Restaurant,Leichhardt,4.2,235,unknown,,,1144,Inner West,15158,Weekend friendly,General locals,
Jasmin 1 Lebanese Cuisine Leichhardt,Leichhardt,4.3,1114,$$,,https://www.jasmin1lebanesecuisine.com.au/,1144,Inner West,15158,Weekend friendly,General locals,2
Organica - Cafe in Leichhardt,Leichhardt,4.2,233,unknown,"bakery, cafe, store",http://myorganica.com.au/,1144,Inner West,15158,Weekend friendly,General locals,
High N' Dry,Leichhardt,4.6,463,unknown,"bar, meal_takeaway",http://www.high-n-dry.com.au/,1144,Inner West,15158,Weekend friendly,General locals,
Versus Bar & Dining,Leichhardt,4.4,60,unknown,,https://www.versusbardining.com.au/?utm_source=google&utm_medium=organic&utm_campaign=google_business_profile,1144,Inner West,15158,Weekend friendly,General locals,
Kogi Kogi Korean BBQ & Bar,Leichhardt,4.8,153,unknown,,https://www.instagram.com/kogikogi.koreanbbq?igsh=aW12bGgzeGl0Ym1o,1144,Inner West,15158,Weekend friendly,General locals,
Spice Alley,Chippendale,4.4,4882,$,,http://spicealley.com.au/,1128,Inner South,7803,Weekend friendly,Tourist friendly,1
A Bowl Of Noodles - Chippendale,Chippendale,4.9,1184,unknown,,,1128,Inner South,7803,Weekend friendly,General locals,
Sneaky Possum,Chippendale,4.6,367,unknown,bar,http://sneakypossum.com/,1128,Inner South,7803,Weekdays only,General locals,
Gopinatha's,Chippendale,4.9,109,unknown,,http://www.gopinathas.com/,1128,Inner South,7803,Weekdays only,General locals,
Cartel,Chippendale,3.9,499,unknown,bar,http://www.cartelkensingtonstreet.com.au/,1128,Inner South,7803,Weekdays only,General locals,
La Terrazza Osteria Verde,Chippendale,4.3,66,unknown,,https://laterrazza.kensingtonstreet.com.au/,1128,Inner South,7803,Weekdays only,General locals,
Hongdae Pocha BBQ Sydney,Chippendale,4.7,201,unknown,,https://hongdaepocha.com.au/,1128,Inner South,7803,Weekend friendly,General locals,
KOI Dessert Bar,Chippendale,4.5,2835,$$,,http://cakes.koidessertbar.com.au/,1128,Inner South,7803,Weekend friendly,Tourist friendly,2
Andiamo Trattoria Chippendale,Chippendale,4.2,977,$$,"bar, meal_delivery, meal_takeaway",https://www.andiamotrattoria.com.au/,1128,Inner South,7803,Weekend friendly,General locals,2
FEWA KITCHEN,Chippendale,4.8,94,unknown,cafe,https://fewakitchen.wordpress.com/?_gl=1%2A1qf0lvs%2A_gcl_au%2AODkyNDQ1NzM0LjE3MzEzMDYxNTU,1128,Inner South,7803,Weekdays only,General locals,
The Green Room Broadway,Chippendale,4.6,87,unknown,,http://www.greenroombroadway.com/,1128,Inner South,7803,Weekend friendly,General locals,
Dizzybird | Sydney Rotisserie Chicken,Chippendale,4.3,55,unknown,,https://www.dizzybirdsydney.com/,1128,Inner South,7803,Weekend friendly,General locals,
Olio,Chippendale,4.2,1001,$$$,,http://olio.kensingtonstreet.com.au/,1128,Inner South,7803,Weekdays only,General locals,3
Eastside Bar & Grill,Chippendale,4.1,682,$$$,bar,https://eastsidebarandgrill.com.au/,1128,Inner South,7803,Weekdays only,General locals,3
Ester Restaurant,Chippendale,4.6,1612,$$$,,http://www.ester-restaurant.com.au/,1128,Inner South,7803,Weekend friendly,General locals,3
Gavroche Brasserie,Chippendale,4.2,842,$$,,http://gavroche.com.au/,1128,Inner South,7803,Weekend friendly,General locals,2
Chowon Wagyu Korean BBQ,Chippendale,4.7,442,unknown,,https://chowon.com.au/,1128,Inner South,7803,Weekend friendly,General locals,
The Spice Central,Chippendale,4.1,174,unknown,meal_takeaway,https://www.thespicecentral.com.au/,1128,Inner South,7803,Weekend friendly,General locals,
Nomu Bar Sydney,Chippendale,4.9,251,unknown,bar,https://nomubar.com.au/,1128,Inner South,7803,Weekdays only,General locals,
Sunny Seafood Central Park Mall偉洋海鮮酒樓,Chippendale,4.6,562,unknown,,https://sunnyseafoodrestaurant.com.au/,1128,Inner South,7803,Weekend friendly,General locals,
Mezepotamia,Redfern,4.8,485,unknown,bar,http://www.mezepotamia.com.au/,1085,Inner South,13072,Weekend friendly,General locals,
LOTTIE,Redfern,4.4,203,unknown,,https://www.liquidandlarder.com.au/venues/lottie/,1085,Inner South,13072,Weekend friendly,General locals,
Fontana,Redfern,4.7,254,unknown,,http://www.clubfontana.com/,1085,Inner South,13072,Weekdays only,General locals,
Olympus Dining,Redfern,4.4,1197,unknown,,https://olympusdining.com.au/?utm_source=google&utm_medium=organic&utm_campaign=gbp,1085,Inner South,13072,Weekend friendly,General locals,
Mjølner,Redfern,4.6,2978,$$,bar,http://www.mjolner.com.au/sydney,1085,Inner South,13072,Weekend friendly,Tourist friendly,2
Henry Lee's Redfern,Redfern,4.3,1776,$$,"bar, cafe",https://henrylees.au/,1085,Inner South,13072,Weekend friendly,General locals,2
RaRa,Redfern,4.2,2268,$$,bar,https://www.rararamen.com.au/,1085,Inner South,13072,Weekend friendly,Tourist friendly,2
"Calico - Cafe, Restaurant, Pizzeria & Bar",Redfern,4.7,516,unknown,bar,http://calicoredfern.com.au/,1085,Inner South,13072,Weekend friendly,General locals,
R by Raita Noda.,Redfern,5.0,42,unknown,,http://rbyraitanoda.com.au/,1085,Inner South,13072,Weekdays only,General locals,
BART Jr.,Redfern,4.5,643,$$,bar,http://www.bartjr.com.au/,1085,Inner South,13072,Weekdays only,General locals,2
SIG- CAF REDFERN,Redfern,4.5,27,unknown,cafe,,1085,Inner South,13072,Weekend friendly,General locals,
Attenzione! Food & Wine,Redfern,4.6,298,unknown,bar,https://www.attenzionefoodandwine.com/,1085,Inner South,13072,Weekend friendly,General locals,
BUSH,Redfern,4.5,472,unknown,,https://www.bush-group.com/,1085,Inner South,13072,Weekdays only,General locals,
Delizie Di Casa,Redfern,4.6,59,unknown,"cafe, store",,1085,Inner South,13072,Weekend friendly,General locals,
Mountain Culture Brewery - Redfern,Redfern,4.4,149,unknown,"bar, liquor_store, store",https://mountainculture.com.au/pages/redfern-bar?utm_source=organic&utm_medium=gbp_listing&utm_content=redfern,1085,Inner South,13072,Weekend friendly,General locals,
"Wild Flour, Sydney",Redfern,4.5,480,$$,"cafe, meal_takeaway, store",http://www.wildflourredfern.com/,1085,Inner South,13072,Weekend friendly,General locals,2
Island Radio,Redfern,4.2,327,unknown,"bar, cafe",https://www.islandradio.sydney/,1085,Inner South,13072,Weekend friendly,General locals,
Doran Doran,Redfern,4.9,124,unknown,"cafe, store",https://www.dorandoran.com.au/,1085,Inner South,13072,Weekdays only,General locals,
Japanese Restaurant,Redfern,5.0,5,unknown,,,1085,Inner South,13072,Weekend friendly,General locals,
Ora Restaurant,Redfern,4.7,590,unknown,,http://orasydney.com.au/,1085,Inner South,13072,Weekdays only,General locals,
Erko Pantry,Erskineville,4.7,111,unknown,cafe,https://www.erkopantry.com.au/,1185,Inner West,9657,Weekend friendly,General locals,
Rose of Australia,Erskineville,4.3,1713,$$,bar,https://www.roseofaustralia.com.au/,1185,Inner West,9657,Weekend friendly,General locals,2
Fullmoon Thai Erskineville,Erskineville,4.6,576,unknown,,https://fullmoonthai.mobi-order.com/,1185,Inner West,9657,Weekend friendly,General locals,
Blackbird & Co,Erskineville,4.3,530,$$,"cafe, store",https://www.blackbird-co.com.au/,1185,Inner West,9657,Weekend friendly,General locals,2
The Erko Hotel,Erskineville,4.2,1578,$$,"bar, liquor_store, lodging, store",https://www.theerko.com.au/?utm_source=google&utm_medium=organic&utm_campaign=gbp&utm_content=The_Erko_Hotel_-_Erskineville&utm_term=plcid_2997277686877080949,1185,Inner West,9657,Weekend friendly,General locals,2
The Imperial Erskineville,Erskineville,4.2,1596,$$,"bar, night_club",https://imperialerskineville.com.au/,1185,Inner West,9657,Weekend friendly,General locals,2
Foodcraft Erskineville,Erskineville,4.6,640,$$,"cafe, store",https://www.foodcrafterskineville.com/,1185,Inner West,9657,Weekend friendly,General locals,2
The Potting Shed at The Grounds,Erskineville,4.3,2809,$$,,https://thegrounds.com.au/dine-in/the-potting-shed,1185,Inner West,9657,Weekend friendly,Tourist friendly,2
Naked Brew,Erskineville,4.5,463,$$,"cafe, store",https://www.nakedbrew.com.au/,1185,Inner West,9657,Weekend friendly,General locals,2
BETTO deli & cucina,Erskineville,4.8,213,unknown,"bar, grocery_or_supermarket, store",https://www.bettodeli.com.au/,1185,Inner West,9657,Weekend friendly,General locals,
The Hive Bar,Erskineville,4.6,517,$$,bar,http://www.thehivebar.com.au/,1185,Inner West,9657,Weekend friendly,General locals,2
No Names Italian Restaurant,Erskineville,4.1,222,unknown,,http://www.nonamesrestaurant.com.au/,1185,Inner West,9657,Weekend friendly,General locals,
Priscillas,Erskineville,4.6,37,$$,,,1185,Inner West,9657,Weekend friendly,General locals,2
Shenkin Erskineville,Erskineville,4.4,651,$$,"cafe, store",http://www.shenkin.com.au/,1185,Inner West,9657,Weekend friendly,General locals,2
Pizza Bros,Erskineville,4.5,1272,unknown,,https://www.instagram.com/pizzabrosau,1185,Inner West,9657,Weekend friendly,General locals,
Cuzzy's Kebab,Erskineville,4.9,393,$,,https://www.cuzzyskebab.com/,1185,Inner West,9657,Weekend friendly,Budget / community,1
Maggie's Thai,Erskineville,4.4,256,$$,"meal_delivery, meal_takeaway",https://www.maggiesthaierskineville.com.au/,1185,Inner West,9657,Weekend friendly,General locals,2
Tuk Tuk Thai Erskineville,Erskineville,4.3,60,unknown,,http://ttthai.square.site/,1185,Inner West,9657,Weekend friendly,General locals,
Best Gourmet Restaurant Newtown,Erskineville,4.8,3543,$,,https://bestgourmetrestaurantnewtown.website/,1185,Inner West,9657,Weekend friendly,Tourist friendly,1
Mizuki Sushi(Erskineville),Erskineville,4.3,101,unknown,,https://kpos.com.au/mizuki2,1185,Inner West,9657,Weekend friendly,General locals,
Metro Brew'In,Marrickville,4.8,245,unknown,,https://www.metrobrewin.com.au/,1087,Inner West,26570,Weekend friendly,General locals,
Titan Vietnamese Restaurant,Marrickville,4.8,239,unknown,,https://revu.website/148501,1087,Inner West,26570,Weekend friendly,General locals,
20 Chapel,Marrickville,4.7,302,unknown,,https://20chapel.com.au/,1087,Inner West,26570,Weekdays only,General locals,
Baba's Place,Marrickville,4.3,606,unknown,,http://babasplace.com.au/,1087,Inner West,26570,Weekend friendly,General locals,
Semola Sydney,Marrickville,4.7,590,unknown,,http://www.semola.com.au/,1087,Inner West,26570,Weekend friendly,General locals,
Pepito's Marrickville,Marrickville,4.5,348,unknown,bar,http://pepitos.com.au/,1087,Inner West,26570,Weekdays only,General locals,
185bar,Marrickville,4.8,87,unknown,,https://revu.website/148538/,1087,Inner West,26570,Weekend friendly,General locals,
Gyradiko Marrickville,Marrickville,4.6,324,unknown,meal_takeaway,http://gyradiko.com.au/,1087,Inner West,26570,Weekend friendly,General locals,
Hello Auntie Marrickville,Marrickville,4.4,1480,$$,,http://www.hello-auntie.com.au/,1087,Inner West,26570,Weekend friendly,General locals,2
Field and Fin,Marrickville,4.9,110,unknown,bar,http://fieldandfin.com.au/,1087,Inner West,26570,Weekdays only,General locals,
Vn Street Foods,Marrickville,4.4,2169,$,meal_takeaway,http://vnstreetfoods.com.au/,1087,Inner West,26570,Weekend friendly,Tourist friendly,1
Vietfull Vietnamese Street Foods,Marrickville,4.8,198,unknown,,https://revu.website/148323,1087,Inner West,26570,Weekend friendly,General locals,
Beirut Street Food,Marrickville,4.3,565,unknown,,https://beirutstfood.com.au/,1087,Inner West,26570,Weekend friendly,General locals,
The D's Bar & Dining,Marrickville,4.5,472,unknown,bar,http://theds.com.au/,1087,Inner West,26570,Weekend friendly,General locals,
Pho Viet Xua 1919,Marrickville,4.6,941,$$,,,1087,Inner West,26570,Weekend friendly,General locals,2
Huong Giang Marrickville,Marrickville,4.7,1186,$,,https://revu.website/148989,1087,Inner West,26570,Weekend friendly,Budget / community,1
Green Peppercorn Express,Marrickville,4.9,55,unknown,"bar, meal_takeaway",http://gpexrestaurant.com.au/,1087,Inner West,26570,Weekend friendly,General locals,
Two Chaps,Marrickville,4.4,1581,$$,"bakery, cafe, store",https://twochaps.com.au/,1087,Inner West,26570,Weekend friendly,General locals,2
Oé Oé Paellas & Tapas,Marrickville,4.6,379,unknown,,https://oeoepaellastapas.au/,1087,Inner West,26570,Weekend friendly,General locals,
Marina Lunga MARRICKVILLE,Marrickville,4.5,235,$$,,https://marinalunga.com.au/,1087,Inner West,26570,Weekend friendly,General locals,2
Esteban,CBD Sydney,4.7,1756,unknown,,https://www.estebanrestaurant.com.au/,1107,CBD,16667,Weekend friendly,General locals,
Hustlers. Syd,CBD Sydney,4.7,870,unknown,,http://www.hustlerssyd.com.au/,1107,CBD,16667,Weekdays only,General locals,
Primi Italian,CBD Sydney,4.7,3936,$$,,https://primiitalian.com.au/,1107,CBD,16667,Weekdays only,Tourist friendly,2
Bopp & Tone,CBD Sydney,4.6,1802,$$$,,http://www.boppandtone.com.au/,1107,CBD,16667,Weekdays only,General locals,3
BISTECCA,CBD Sydney,4.7,2053,$$$,bar,https://www.liquidandlarder.com.au/venues/bistecca/,1107,CBD,16667,Weekend friendly,Tourist friendly,3
Ho Jiak Town Hall - Junda's Playground (Enter from York Street),CBD Sydney,4.7,2660,$$$,bar,https://www.hojiak.com.au/townhall/,1107,CBD,16667,Weekend friendly,Tourist friendly,3
Roast Republic,CBD Sydney,4.7,1613,$$,bar,http://www.roastrepublic.com.au/,1107,CBD,16667,Weekend friendly,General locals,2
Ragazzi,CBD Sydney,4.4,2130,$$,bar,http://www.ragazziwinepasta.com/,1107,CBD,16667,Weekend friendly,Tourist friendly,2
Babylon Rooftop & Garden Bar,CBD Sydney,4.0,2119,$$$,bar,http://babylonrooftop.com.au/,1107,CBD,16667,Weekend friendly,Tourist friendly,3
Aalia Restaurant Sydney,CBD Sydney,4.7,1146,$$$,,https://www.aaliarestaurant.com/?utm_content=AALIA+Restaurant+Sydney&utm_campaign=Google+My+Business&utm_medium=organic&utm_source=google&utm_term=plcid_6952976032146166324,1107,CBD,16667,Weekdays only,General locals,3
Alfie's,CBD Sydney,4.5,799,unknown,,https://www.liquidandlarder.com.au/venues/alfies/,1107,CBD,16667,Weekdays only,General locals,
Mr. Wong,CBD Sydney,4.4,5624,$$$,meal_takeaway,https://merivale.com/venues/mrwong?&utm_source=googlemybusiness_venue&utm_medium=organic&utm_campaign=googlemybusiness_venue_organic_mr.wong&utm_content=website,1107,CBD,16667,Weekend friendly,Tourist friendly,3
Palazzo Salato,CBD Sydney,4.7,1121,$$$,bar,http://palazzosalato.com/,1107,CBD,16667,Weekdays only,General locals,3
Chat Thai - Sydney,CBD Sydney,4.4,3487,$$,,https://chatthai.com/,1107,CBD,16667,Weekend friendly,Tourist friendly,2
The Grounds of The City,CBD Sydney,4.2,6141,$$,"bar, cafe",https://thegrounds.com.au/dine-in/the-city,1107,CBD,16667,Weekend friendly,Tourist friendly,2
Mappen,CBD Sydney,4.4,1334,$,,http://www.mappen.com.au/,1107,CBD,16667,Weekend friendly,Budget / community,1
Clam Bar,CBD Sydney,4.5,486,unknown,,http://www.clambarsydney.com/,1107,CBD,16667,Weekdays only,General locals,
Neptune's Grotto,CBD Sydney,4.7,399,unknown,,https://www.neptunesgrotto.com/,1107,CBD,16667,Weekend friendly,General locals,
Infinity at Sydney Tower,CBD Sydney,4.5,3865,$$$,bar,https://infinitysydneytower.com.au/,1107,CBD,16667,Weekend friendly,Tourist friendly,3
The Sambal,CBD Sydney,4.5,1142,$,,http://www.thesambalonkent.com.au/,1107,CBD,16667,Weekdays only,Budget / community,1
Elements Bar and Grill Pyrmont,Pyrmont,4.7,6358,unknown,bar,https://www.elementsbarandgrill.com.au/?utm_source=google&utm_medium=organic&utm_campaign=gmb-pyrmont,1128,CBD,12658,Weekend friendly,Tourist friendly,
Cucina Porto,Pyrmont,4.4,1665,unknown,,https://www.star.com.au/sydney/eat-and-drink/casual-dining/cucina-porto,1128,CBD,12658,Weekend friendly,General locals,
Eat Ozzo Pyrmont,Pyrmont,4.8,361,unknown,"cafe, meal_takeaway, store",http://www.eatozzo.com/,1128,CBD,12658,Weekend friendly,General locals,
LuMi Dining,Pyrmont,4.5,1157,$$$$,bar,http://www.lumidining.com/,1128,CBD,12658,Weekend friendly,General locals,4
Moche Peruvian Fusion Cuisine,Pyrmont,4.7,336,unknown,,https://mocherestaurant.com/,1128,CBD,12658,Weekend friendly,General locals,
The Little Snail Restaurant,Pyrmont,4.5,3364,$$,,http://www.thelittlesnail.com.au/,1128,CBD,12658,Weekend friendly,Tourist friendly,2
Zebra Lounge Waterfront Restaurant Pyrmont,Pyrmont,4.3,668,$$,"bar, cafe, night_club",http://www.zebralounge.com.au/,1128,CBD,12658,Weekend friendly,General locals,2
Sokyo,Pyrmont,4.4,3053,$$$$,bar,https://www.sokyodining.com.au/,1128,CBD,12658,Weekend friendly,Tourist friendly,4
Sala,Pyrmont,4.6,396,unknown,,https://www.saladining.com.au/,1128,CBD,12658,Weekend friendly,General locals,
Gallon,Pyrmont,4.5,1170,$$,bar,https://www.gallon.com.au/,1128,CBD,12658,Weekend friendly,General locals,2
Pasta Rosa,Pyrmont,4.4,200,unknown,"bar, store",https://pastarosa.com.au/,1128,CBD,12658,Weekend friendly,General locals,
Flying Fish,Pyrmont,4.3,1332,$,bar,https://flyingfish.com.au/,1128,CBD,12658,Weekdays only,Budget / community,1
Ferrara Pasta Bar,Pyrmont,4.5,340,unknown,bar,https://www.ferrarapastabar.com.au/,1128,CBD,12658,Weekend friendly,General locals,
two sis & co,Pyrmont,4.2,1141,unknown,"cafe, store",https://www.facebook.com/twosispyrmont/,1128,CBD,12658,Weekend friendly,General locals,
BLACK Bar & Grill,Pyrmont,4.4,1666,$$,bar,https://www.star.com.au/sydney/eat-and-drink/signature-dining/black-bar-and-grill,1128,CBD,12658,Weekend friendly,General locals,2
Quick Brown Fox Eatery,Pyrmont,4.3,1190,$$,"cafe, store",http://www.quickbrownfoxeatery.com.au/,1128,CBD,12658,Weekend friendly,General locals,2
The Boatshed Pyrmont,Pyrmont,4.0,654,unknown,,http://www.theboatshedpyrmont.com.au/,1128,CBD,12658,Weekend friendly,General locals,
Hurricane's Grill & Rotisserie Pyrmont,Pyrmont,4.3,405,unknown,,https://hurricanesgrillrestaurants.com.au/pyrmont/,1128,CBD,12658,Weekend friendly,General locals,
KKO KKO Balinese,Pyrmont,4.9,747,$$,,https://kkokko.com.au/,1128,CBD,12658,Weekdays only,General locals,2
Laneway Hotel & Sports Bar,Pyrmont,4.5,395,$$,bar,http://www.thelanewaypyrmont.com.au/,1128,CBD,12658,Weekend friendly,General locals,2
Kafe Kooks - The House Of Roti,Ultimo,4.7,794,unknown,"cafe, meal_takeaway, store",https://kafekooks.com.au/,1074,CBD,7410,Weekend friendly,General locals,
Merchants of Ultimo,Ultimo,4.0,1230,$$,"bakery, store",http://merchantsofultimo.com.au/,1074,CBD,7410,Weekend friendly,General locals,2
159 Home Kitchen,Ultimo,4.5,626,$,,,1074,CBD,7410,Weekend friendly,Budget / community,1
The Black Groodle,Ultimo,4.7,325,$$,"cafe, store",,1074,CBD,7410,Weekdays only,General locals,2
Kagoshima Master Yakiniku Ultimo,Ultimo,4.8,835,unknown,,https://www.kagoshimamaster.com.au/,1074,CBD,7410,Weekend friendly,General locals,
Uliveto Sydney Italian Restaurant,Ultimo,4.2,885,unknown,"cafe, store",https://www.ulivetosydney.com/,1074,CBD,7410,Weekend friendly,General locals,
Malay Malay Haymarket,Ultimo,4.4,1347,unknown,,http://www.malay-malay.com/,1074,CBD,7410,Weekend friendly,General locals,
Kuaytiew Pochana,Ultimo,4.9,111,unknown,,https://yhmo.xyz/business/kuaytiew-pochana-18016j,1074,CBD,7410,Weekend friendly,General locals,
春熙路北川菜馆 North Chunxi Authentic Chengdu flavours Ultimo,Ultimo,4.8,68,unknown,,,1074,CBD,7410,Weekend friendly,General locals,
OTOGO Ultimo,Ultimo,4.4,360,$,,https://instagram.com/otogo_515,1074,CBD,7410,Weekend friendly,Budget / community,1
Local Mbassy,Ultimo,3.9,528,$$,"cafe, store",http://localmbassy.com.au/,1074,CBD,7410,Weekdays only,General locals,2
Ramen Shogun Ultimo,Ultimo,4.7,415,unknown,,,1074,CBD,7410,Weekdays only,General locals,
Fratelli Fresh Darling Harbour,Ultimo,4.2,5323,$$,,https://fratellifresh.com.au/venues/darling-harbour/?utm_source=google&utm_medium=organic&utm_campaign=gmb&utm_content=darling-harbour,1074,CBD,7410,Weekend friendly,Tourist friendly,2
Ho Jiak Haymarket,Ultimo,4.5,5698,$$,,https://www.hojiak.com.au/haymarket/,1074,CBD,7410,Weekend friendly,Tourist friendly,2
The Apprentice Restaurant Sydney,Ultimo,4.6,154,$,,https://www.opentable.com.au/r/the-apprentice-tafe-nsw-reservations-ultimo?restref=59201&lang=en-AU&ot_source=Restaurant%20website,1074,CBD,7410,Weekdays only,Budget / community,1
Malacca Straits on Broadway,Ultimo,4.3,964,$,,https://malaccastraitsonbroadway.yumbojumbo.com.au/,1074,CBD,7410,Weekdays only,Budget / community,1
The Q on Harris,Ultimo,4.7,510,$$,"cafe, store",http://www.theqcoffee.com.au/,1074,CBD,7410,Weekdays only,General locals,2
Dodee Paidang Haymarket,Ultimo,4.2,2364,$,,https://dodeepaidang-haymarket.store/,1074,CBD,7410,Weekend friendly,Tourist friendly,1
OMU,Ultimo,4.0,629,unknown,cafe,https://omu-ultimo.yumbojumbo.com.au/,1074,CBD,7410,Weekend friendly,General locals,
Ultispoon 炎小馆,Ultimo,4.7,49,unknown,,,1074,CBD,7410,Weekdays only,General locals,
The Butler,Potts Point,4.6,2153,$$,,http://www.butlersydney.com.au/,1143,Inner East,7183,Weekend friendly,Tourist friendly,2
Bloom Potts Point,Potts Point,4.5,202,unknown,"bar, cafe, night_club",https://bloompottspoint.com.au/,1143,Inner East,7183,Weekend friendly,General locals,
Fratelli Paradiso,Potts Point,4.4,885,$$$,bar,http://fratelliparadiso.com/,1143,Inner East,7183,Weekend friendly,General locals,3
Phan's House,Potts Point,4.8,206,unknown,,http://www.phanshouse.com.au/,1143,Inner East,7183,Weekend friendly,General locals,
Ezra,Potts Point,4.8,1445,unknown,,http://ezrarestaurant.com.au/,1143,Inner East,7183,Weekend friendly,General locals,
Cho Cho San,Potts Point,4.5,1937,$$$,meal_takeaway,http://chochosan.com.au/,1143,Inner East,7183,Weekend friendly,General locals,3
Bar Lucia,Potts Point,4.7,441,unknown,,https://barlucia.com.au/,1143,Inner East,7183,Weekend friendly,General locals,
Franca Brasserie,Potts Point,4.7,1755,unknown,"bar, meal_delivery, meal_takeaway",http://francabrasserie.com.au/,1143,Inner East,7183,Weekend friendly,General locals,
Bistro Rex Restaurant,Potts Point,4.7,1445,unknown,,http://www.bistrorex.com.au/,1143,Inner East,7183,Weekend friendly,General locals,
Glider Garden,Potts Point,4.6,374,unknown,"bar, cafe",https://www.glidergarden.au/,1143,Inner East,7183,Weekend friendly,General locals,
The Apollo Restaurant,Potts Point,4.6,2384,$$$,"meal_delivery, meal_takeaway",http://www.theapollo.com.au/,1143,Inner East,7183,Weekend friendly,Tourist friendly,3
Lady Chu,Potts Point,4.0,859,unknown,,http://www.ladychu.com.au/,1143,Inner East,7183,Weekend friendly,General locals,
Chester White Cured Diner,Potts Point,4.8,674,$$,bar,http://www.chesterwhitediner.com.au/,1143,Inner East,7183,Weekdays only,General locals,2
Truffles,Potts Point,4.6,219,unknown,"cafe, store",https://truffles.yqme.com.au/,1143,Inner East,7183,Weekend friendly,General locals,
Farmhouse Kings Cross,Potts Point,4.7,554,unknown,,http://farmhousekingscross.com.au/,1143,Inner East,7183,Weekend friendly,General locals,
Le Frerot by Franca,Potts Point,4.5,81,unknown,"bar, cafe",https://www.lefrerot.com.au/,1143,Inner East,7183,Weekend friendly,General locals,
House Bar&Bistrot,Potts Point,4.8,169,$$,bar,http://bloompottspoint.com.au/,1143,Inner East,7183,Weekdays only,General locals,2
Yakitori Chaco Bar,Potts Point,4.3,589,unknown,,https://chacobar.com.au/,1143,Inner East,7183,Weekend friendly,General locals,
Macleay St Bistro,Potts Point,4.5,444,$$,,https://macleaystbistro.com.au/,1143,Inner East,7183,Weekend friendly,General locals,2
The Little Italian Place,Potts Point,4.9,126,unknown,cafe,,1143,Inner East,7183,Weekend friendly,General locals,
Friggitoria,Kings Cross,4.5,1448,$,"meal_takeaway, store",http://www.friggitoria.com.au/,1143,Inner East,7183,Weekend friendly,Budget / community,1
Mazcina Resto-Bar,Kings Cross,5.0,110,unknown,bar,,1143,Inner East,7183,Weekend friendly,General locals,
Smoky Cravings Kings Cross,Kings Cross,4.6,164,unknown,,https://www.instagram.com/smokycravings,1143,Inner East,7183,Weekend friendly,General locals,
Kings Cross Hotel,Kings Cross,4.1,1284,$$,bar,https://kingscrosshotel.com.au/?utm_source=google&utm_medium=organic&utm_campaign=gbp&utm_content=Kings_Cross_Hotel_-_Potts_Point&utm_term=plcid_13460881587642885580,1143,Inner East,7183,Weekend friendly,General locals,2
Caffè Roma,Kings Cross,4.2,703,$$,,http://www.cafferoma.com.au/,1143,Inner East,7183,Weekend friendly,General locals,2
Pennys Hotel,Kings Cross,4.4,665,$$,bar,http://www.pennyshotel.com.au/,1143,Inner East,7183,Weekend friendly,General locals,2
Uliveto,Kings Cross,4.4,327,$,"cafe, store",http://uliveto.com.au/,1143,Inner East,7183,Weekend friendly,Budget / community,1
Dumplings,Kings Cross,4.6,79,unknown,,,1143,Inner East,7183,Weekdays only,General locals,
Bar Hernandez,Kings Cross,4.7,126,unknown,bar,http://www.barhernandez.com.au/,1143,Inner East,7183,Weekend friendly,General locals,
Coogee Pavilion Ground Floor,Coogee,4.1,8043,$$,bar,https://merivale.com/venues/coogeepavilion?&utm_source=googlemybusiness_venue&utm_medium=organic&utm_campaign=googlemybusiness_venue_organic_coogeepavilion&utm_content=website,1175,Eastern Suburbs,14634,Weekend friendly,Tourist friendly,2
Louie,Coogee,4.8,536,unknown,,http://www.louiecoogee.com.au/,1175,Eastern Suburbs,14634,Weekend friendly,General locals,
Osteria Coogee,Coogee,4.7,871,unknown,"bar, meal_takeaway, store",https://www.osteriacoogee.com/,1175,Eastern Suburbs,14634,Weekend friendly,General locals,
Barzura,Coogee,4.2,1423,$$,"bar, cafe, store",http://www.barzura.com.au/,1175,Eastern Suburbs,14634,Weekend friendly,General locals,2
Bar Una Más,Coogee,4.3,214,unknown,bar,https://merivale.com/venues/una-mas/?&utm_source=googlemybusiness_venue&utm_medium=organic&utm_campaign=googlemybusiness_venue_organic_unamas&utm_content=website,1175,Eastern Suburbs,14634,Weekend friendly,General locals,
Little Jack Horner,Coogee,4.0,1862,$$,bar,https://www.littlejackhorner.com.au/,1175,Eastern Suburbs,14634,Weekend friendly,General locals,2
Sugarcane Coogee,Coogee,4.6,1288,$$,meal_takeaway,http://www.sugarcanerestaurant.com.au/,1175,Eastern Suburbs,14634,Weekend friendly,General locals,2
Coogee Wine Room - Restaurant & Bar,Coogee,,,unknown,bar,https://www.coogeewineroom.com.au/,1175,Eastern Suburbs,14634,Weekend friendly,General locals,
Yana Coogee,Coogee,3.9,330,unknown,,https://yanacoogee.com.au/,1175,Eastern Suburbs,14634,Weekend friendly,General locals,
La Spiaggia,Coogee,4.3,632,$$,,http://www.laspiaggia.com.au/,1175,Eastern Suburbs,14634,Weekend friendly,General locals,2
Bathers Coogee,Coogee,4.1,334,unknown,"bar, cafe, store",https://batherscoogee.com/,1175,Eastern Suburbs,14634,Weekend friendly,General locals,
Shutters,Coogee,4.2,106,unknown,"bar, cafe",https://shutterscoogee.com/,1175,Eastern Suburbs,14634,Weekend friendly,General locals,
The Little Kitchen,Coogee,4.6,520,$$,"cafe, store",http://thelittlekitchen.au/,1175,Eastern Suburbs,14634,Weekend friendly,General locals,2
Beach Bar & Dining,Coogee,3.9,239,unknown,bar,https://coogeebayhotel.com.au/beach-bar-dining?utm_source=google&utm_medium=organic&utm_campaign=gbp,1175,Eastern Suburbs,14634,Weekend friendly,General locals,
The Coogee Boathouse Eats & Sips,Coogee,4.2,762,$$,bar,https://www.coogeeboathouse.com/,1175,Eastern Suburbs,14634,Weekend friendly,General locals,2
Ms Dumpling Coogee,Coogee,4.5,103,unknown,,https://revu.website/148758,1175,Eastern Suburbs,14634,Weekend friendly,General locals,
Rick Stein at Coogee Beach,Coogee,4.1,182,unknown,,https://www.ricksteinatcoogeebeach.com.au/,1175,Eastern Suburbs,14634,Weekend friendly,General locals,
Bohäus Cafe,Coogee,4.7,360,$$,"bakery, cafe, store",https://bohaus.com.au/,1175,Eastern Suburbs,14634,Weekend friendly,General locals,2
mimi's,Coogee,4.3,560,$$$$,,https://merivale.com/venues/mimis/?&utm_source=googlemybusiness_venue&utm_medium=organic&utm_campaign=googlemybusiness_venue_organic_mimis&utm_content=website,1175,Eastern Suburbs,14634,Weekend friendly,Affluent locals,4
Bronte Belo Coogee Beach,Coogee,4.4,107,unknown,,https://www.brontebelorestaurants.com.au/,1175,Eastern Suburbs,14634,Weekend friendly,General locals,
Dolce Fiori,Randwick,4.7,819,unknown,bar,http://dolcefiori.com.au/,1149,Eastern Suburbs,28943,Weekend friendly,General locals,
Sella Vinoteca,Randwick,4.8,424,unknown,bar,https://sellavinoteca.com/,1149,Eastern Suburbs,28943,Weekend friendly,General locals,
Del Punto,Randwick,4.3,543,$$,bar,http://www.delpunto.com.au/,1149,Eastern Suburbs,28943,Weekend friendly,General locals,2
Motto Motto Japanese Kitchen - Randwick,Randwick,4.7,122,unknown,,http://www.mottomotto.com.au/,1149,Eastern Suburbs,28943,Weekend friendly,General locals,
Haku,Randwick,4.5,200,unknown,meal_takeaway,https://www.hakurandwick.com/,1149,Eastern Suburbs,28943,Weekend friendly,General locals,
Seahorse Restaurant,Randwick,4.3,301,$$,,http://www.seahorserestaurant.com.au/,1149,Eastern Suburbs,28943,Weekdays only,General locals,2
Mammas and Papas Ristorante and Pizzeria,Randwick,4.8,2079,$$,"meal_delivery, meal_takeaway, store",https://www.mammasandpapas.com.au/,1149,Eastern Suburbs,28943,Weekend friendly,Tourist friendly,2
Thaithae Randwick,Randwick,4.6,241,unknown,,https://app.ziicloud.com/store/view/1531,1149,Eastern Suburbs,28943,Weekend friendly,General locals,
Maybe Frank Randwick,Randwick,4.3,669,$$,meal_takeaway,http://www.maybefrank.com/,1149,Eastern Suburbs,28943,Weekend friendly,General locals,2
Bat Country,Randwick,4.4,556,$$,"bar, cafe, store",http://www.batcountry.com.au/,1149,Eastern Suburbs,28943,Weekend friendly,General locals,2
La Sen Vietnamese Restaurant,Randwick,4.3,667,$,"health, meal_delivery, meal_takeaway, store",http://lasenrestaurant.com.au/,1149,Eastern Suburbs,28943,Weekend friendly,Budget / community,1
Vitaly Italian & Woodfire Pizza Restaurant,Randwick,4.4,742,$$,"grocery_or_supermarket, meal_delivery, meal_takeaway, store",http://www.vitalyitalian.com/,1149,Eastern Suburbs,28943,Weekend friendly,General locals,2
Spaghetteria Randwick,Randwick,4.4,363,unknown,"bar, meal_delivery, meal_takeaway, store",http://spaghetteria.com.au/,1149,Eastern Suburbs,28943,Weekend friendly,General locals,
Four Frogs Crêperie - Randwick,Randwick,4.5,970,$$,store,http://www.fourfrogs.com.au/,1149,Eastern Suburbs,28943,Weekend friendly,General locals,2
Lebanon & Beyond,Randwick,4.4,613,$$,,http://lebanonandbeyond.com.au/,1149,Eastern Suburbs,28943,Weekend friendly,General locals,2
Tutto Vero Randwick,Randwick,4.8,159,unknown,,http://www.tuttovero.com.au/,1149,Eastern Suburbs,28943,Weekend friendly,General locals,
Ummarin Thai Restaurant,Randwick,4.7,1028,$$,,https://ummarinthai.com.au/,1149,Eastern Suburbs,28943,Weekend friendly,General locals,2
Itihaas Randwick,Randwick,4.8,113,unknown,,https://itihaasrandwick.com.au/,1149,Eastern Suburbs,28943,Weekend friendly,General locals,
Wingboy Randwick,Randwick,4.7,968,unknown,,http://www.wingboy.com.au/,1149,Eastern Suburbs,28943,Weekend friendly,General locals,
Jane Surry Hills,Surry Hills,4.7,837,unknown,,https://www.janesurryhills.com/,1138,Inner East,15828,Weekend friendly,General locals,
Chin Chin,Surry Hills,4.1,3897,$$,,https://www.chinchin.sydney/,1138,Inner East,15828,Weekend friendly,Tourist friendly,2
The Blue Door,Surry Hills,4.9,422,unknown,,http://www.thebluedoorsurryhills.com.au/,1138,Inner East,15828,Weekdays only,General locals,
Pan Divino,Surry Hills,4.8,276,unknown,bar,https://www.pandivino.com.au/,1138,Inner East,15828,Weekend friendly,General locals,
NOMAD Sydney,Surry Hills,4.6,2768,$$$,bar,https://nomad.sydney/,1138,Inner East,15828,Weekend friendly,Tourist friendly,3
The White Horse,Surry Hills,4.7,323,unknown,,https://thewhitehorse.com.au/,1138,Inner East,15828,Weekend friendly,General locals,
Mishy's Sydney,Surry Hills,4.9,366,unknown,,http://www.mishyssydney.com.au/,1138,Inner East,15828,Weekend friendly,General locals,
Mark And Vinny's,Surry Hills,4.6,851,unknown,"bar, cafe",http://www.markandvinnys.com/,1138,Inner East,15828,Weekdays only,General locals,
Pellegrino 2000,Surry Hills,4.5,1072,unknown,,https://pellegrino2000.com/,1138,Inner East,15828,Weekend friendly,General locals,
Toei Surry Hills,Surry Hills,4.1,305,unknown,,http://www.toei.com.au/,1138,Inner East,15828,Weekend friendly,General locals,
VIVO 78,Surry Hills,4.8,136,unknown,,http://www.vivo78.com.au/,1138,Inner East,15828,Weekend friendly,General locals,
ellu cafe,Surry Hills,4.6,680,unknown,cafe,https://www.instagram.com/ellu_sydney?igsh=YXdnMXRudngybGEz&utm_source=qr,1138,Inner East,15828,Weekend friendly,General locals,
LOAM Surry Hills,Surry Hills,4.5,125,unknown,,https://www.loamsurryhills.com/,1138,Inner East,15828,Weekend friendly,General locals,
Arthur Surry Hills,Surry Hills,4.7,672,unknown,,http://www.arthurrestaurant.com/,1138,Inner East,15828,Weekend friendly,General locals,
NOUR,Surry Hills,4.8,3269,$$$,bar,https://www.noursydney.com/?utm_content=NOUR+-+Surry+Hills&utm_campaign=Google+My+Business&utm_medium=organic&utm_source=google&utm_term=plcid_8876915928515631771,1138,Inner East,15828,Weekend friendly,Tourist friendly,3
Beast&Co,Surry Hills,4.6,469,$$,,https://www.beastandco.com.au/,1138,Inner East,15828,Weekend friendly,General locals,2
Lil’ miss piggy,Surry Hills,4.8,542,$$,cafe,http://www.lilmisspiggy.com/,1138,Inner East,15828,Weekend friendly,General locals,2
Giuls,Surry Hills,4.6,781,unknown,,https://www.giuls.com.au/,1138,Inner East,15828,Weekend friendly,General locals,
TenTo,Surry Hills,4.5,886,unknown,cafe,https://www.tento.com.au/,1138,Inner East,15828,Weekend friendly,General locals,
Hecho en Mexico Newtown,Newtown,4.7,1784,$$,,http://hechoenmexico.com.au/,1143,Inner West,14690,Weekend friendly,General locals,2
AMIGOS RESTAURANT,Newtown,4.9,219,unknown,,http://amigosrestaurantnewtown.online/,1143,Inner West,14690,Weekend friendly,General locals,
Dumpling Room,Newtown,4.7,142,unknown,,,1143,Inner West,14690,Weekend friendly,General locals,
Fabbrica Pasta Bar Newtown,Newtown,4.5,231,unknown,bar,http://www.ciaofabbrica.com/,1143,Inner West,14690,Weekend friendly,General locals,
don Fred,Newtown,4.9,663,unknown,,http://donfred.com.au/,1143,Inner West,14690,Weekend friendly,General locals,
Odd Culture Newtown,Newtown,4.4,504,unknown,,https://oddculture.group/venue/odd-culture-newtown/,1143,Inner West,14690,Weekend friendly,General locals,
Kayra Restaurant,Newtown,4.7,383,unknown,,https://social.quandoo.com/en/groups/Kayra%20Restaurant,1143,Inner West,14690,Weekend friendly,General locals,
Osteria Mucca,Newtown,4.7,146,unknown,,https://www.osteriamucca.com.au/,1143,Inner West,14690,Weekend friendly,General locals,
Bloodwood Restaurant & Bar,Newtown,4.5,844,$$$,bar,http://www.bloodwoodnewtown.com/,1143,Inner West,14690,Weekdays only,General locals,3
Cafe Paci,Newtown,4.7,759,$$$,,http://www.cafepaci.com.au/,1143,Inner West,14690,Weekdays only,General locals,3
Mister Grotto,Newtown,4.6,154,unknown,,http://www.mistergrotto.com.au/,1143,Inner West,14690,Weekend friendly,General locals,
Casa Mia Osteria,Newtown,4.6,441,$$,,http://www.casamiaosteria.com.au/,1143,Inner West,14690,Weekend friendly,General locals,2
Mary's Newtown,Newtown,4.4,3049,$$,bar,https://www.marys.wtf/,1143,Inner West,14690,Weekend friendly,Tourist friendly,2
Thai Pothong Restaurant,Newtown,4.6,5729,$$,,http://www.thaipothong.com.au/,1143,Inner West,14690,Weekend friendly,Tourist friendly,2
Missony bar & Restaurant Newtown,Newtown,4.4,643,$$,,https://www.missony.com.au/,1143,Inner West,14690,Weekend friendly,General locals,2
Pistou,Newtown,4.7,278,unknown,"bar, store",http://www.pistou.com.au/,1143,Inner West,14690,Weekend friendly,General locals,
Wingboy Newtown,Newtown,4.7,760,unknown,,http://www.wingboy.com.au/,1143,Inner West,14690,Weekend friendly,General locals,
Kaiza Newtown | Japanese Restaurant,Newtown,4.6,1002,$$,bar,https://kaizasydney.com.au/,1143,Inner West,14690,Weekend friendly,General locals,2
Macelleria Newtown,Newtown,4.5,2483,$$,bar,https://macelleria.com.au/services/macelleria-newtown/,1143,Inner West,14690,Weekend friendly,Tourist friendly,2
Alba Italian Restaurant,Newtown,4.7,1303,unknown,meal_takeaway,https://www.albarestaurant.com.au/,1143,Inner West,14690,Weekend friendly,General locals,
Darling Glebe,Glebe,4.9,27,unknown,bar,https://darlingglebe.com.au/,1075,Inner West,11680,Weekend friendly,General locals,
Joocy Smash,Glebe,4.9,393,unknown,,https://www.instagram.com/joocysmash_burgers/,1075,Inner West,11680,Weekend friendly,General locals,
SOUL OASIS GLEBE,Glebe,4.9,331,unknown,"cafe, meal_takeaway, store",https://www.instagram.com/souloasisglebe/,1075,Inner West,11680,Weekend friendly,General locals,
The Charlie - Restaurant & Bar,Glebe,4.6,556,$$,bar,https://www.thecharlie.au/,1075,Inner West,11680,Weekend friendly,General locals,2
Glebe Point Diner,Glebe,4.7,658,$$$,,http://www.glebepointdiner.com.au/,1075,Inner West,11680,Weekdays only,General locals,3
Bellevue Cottage By Antoine,Glebe,4.4,857,$$,cafe,http://www.bellevuecottage.com.au/,1075,Inner West,11680,Weekend friendly,General locals,2
The Wedge Glebe,Glebe,4.2,862,$$,"bar, cafe",http://thewedgeglebe.com/,1075,Inner West,11680,Weekend friendly,General locals,2
Tom-Yum Tum-Gang,Glebe,4.6,1529,$,meal_takeaway,https://m.facebook.com/Tom-Yum-Tum-Gang-241361825914462/,1075,Inner West,11680,Weekend friendly,Budget / community,1
TOUCH WOOD,Glebe,4.6,56,unknown,,https://touchwoodsydney.com.au/,1075,Inner West,11680,Weekend friendly,General locals,
Pizza e Vino Glebe,Glebe,4.8,365,unknown,,http://www.pizzaevino.sydney/,1075,Inner West,11680,Weekend friendly,General locals,
Kyo yakiniku,Glebe,4.8,864,unknown,,https://www.kyoyakiniku.com.au/,1075,Inner West,11680,Weekend friendly,General locals,
Lahore 2 Delhi Indian Pakistani Restaurant,Glebe,4.8,460,unknown,,https://lahore2delhi.com.au/,1075,Inner West,11680,Weekend friendly,General locals,
The Glebe Hotel,Glebe,4.3,1346,$$,bar,http://www.theglebehotel.com.au/,1075,Inner West,11680,Weekend friendly,General locals,2
Ahgora,Glebe,4.7,880,$$,,http://www.ahgoraglebe.com.au/,1075,Inner West,11680,Weekend friendly,General locals,2
Mestizo Bar and Latin Cuisine,Glebe,4.5,441,$$,"bar, night_club",https://mestizo.com.au/,1075,Inner West,11680,Weekend friendly,General locals,2
Ichié,Glebe,4.1,45,unknown,,https://ichie.com.au/,1075,Inner West,11680,Weekend friendly,General locals,
Baja Cantina (Glebe),Glebe,4.3,1322,$$,,http://www.baja-cantina-glebe.au/,1075,Inner West,11680,Weekend friendly,General locals,2
Otto Noorba,Glebe,4.2,616,$$,,https://ottonoorba.com.au/,1075,Inner West,11680,Weekend friendly,General locals,2
Ayahuasca Restaurant,Glebe,4.5,229,unknown,,https://ayahuascarestaurant.com/,1075,Inner West,11680,Weekend friendly,General locals,
Chez Beckett's,Glebe,4.6,809,unknown,bar,https://www.beckettsbardining.com.au/,1075,Inner West,11680,Weekend friendly,General locals,
The Rusty Rabbit,Darlinghurst,4.5,1067,$$,"cafe, store",http://www.therustyrabbit.com.au/,1155,Inner East,10615,Weekend friendly,General locals,2
Sagra Restaurant,Darlinghurst,4.6,592,$$,,https://sagrasyd.com.au/,1155,Inner East,10615,Weekend friendly,General locals,2
Elements Smokehouse and Bar,Darlinghurst,4.7,7245,$$,bar,https://elementssmokehouse.com.au/?utm_source=google&utm_medium=organic&utm_campaign=gmb,1155,Inner East,10615,Weekend friendly,Tourist friendly,2
Beppi's Italian,Darlinghurst,4.3,574,$$$$,,http://www.beppis.com.au/,1155,Inner East,10615,Weekdays only,Affluent locals,4
Funkatello,Darlinghurst,4.7,411,unknown,,https://www.funkatello.com/,1155,Inner East,10615,Weekend friendly,General locals,
SAVOEY Restaurant and Bar,Darlinghurst,4.8,230,unknown,bar,http://savoeysyd.com.au/,1155,Inner East,10615,Weekend friendly,General locals,
Kitanda Bevs & Bites,Darlinghurst,4.4,520,unknown,bar,https://www.kitanda.com.au/,1155,Inner East,10615,Weekdays only,General locals,
Moku Sydney,Darlinghurst,4.7,302,unknown,bar,http://www.mokusydney.com/,1155,Inner East,10615,Weekdays only,General locals,
Nomidokoro Indigo,Darlinghurst,4.6,318,unknown,,http://nomidokoroindigo.com.au/,1155,Inner East,10615,Weekdays only,General locals,
Verde Restaurant,Darlinghurst,4.4,276,$,bar,https://verderestaurant.com.au/,1155,Inner East,10615,Weekdays only,Budget / community,1
Vin-Cenzo's,Darlinghurst,4.5,104,unknown,,https://vin-cenzos.com/,1155,Inner East,10615,Weekend friendly,General locals,
Harrys by Giuls,Darlinghurst,4.7,480,unknown,,https://www.harrysbygiuls.com.au/,1155,Inner East,10615,Weekend friendly,General locals,
Joe's table,Darlinghurst,4.7,273,unknown,,http://www.joestable.com.au/,1155,Inner East,10615,Weekdays only,General locals,
Tommy's Darlinghurst,Darlinghurst,4.7,899,unknown,bar,https://www.tommysdining.com.au/,1155,Inner East,10615,Weekend friendly,General locals,
Restaurant Ka,Darlinghurst,5.0,154,unknown,,http://www.restaurant-ka.com.au/,1155,Inner East,10615,Weekdays only,General locals,
Gino's Kitchen & Cocktails: Darlinghurst,Darlinghurst,4.2,509,$$,"bar, meal_takeaway",https://ginoskitchen.com.au/?utm_source=GBP&utm_medium=Website_Link,1155,Inner East,10615,Weekend friendly,General locals,2
Mammas Bar & Kitchen,Darlinghurst,4.5,99,unknown,,http://mammasbarkitchen.com.au/,1155,Inner East,10615,Weekend friendly,General locals,
Fabbrica Pasta Bar Darlinghurst,Darlinghurst,4.6,179,unknown,bar,http://www.ciaofabbrica.com/,1155,Inner East,10615,Weekend friendly,General locals,
Bill & Toni's,Darlinghurst,4.3,2240,$,,http://www.billandtonis.com.au/,1155,Inner East,10615,Weekend friendly,Tourist friendly,1
Bon Vin,Darlinghurst,4.9,659,unknown,bar,http://www.bonvin.com.au/,1155,Inner East,10615,Weekdays only,General locals,
Totti’s,Bondi,4.4,1850,unknown,meal_takeaway,https://merivale.com/venues/tottis?&utm_source=googlemybusiness_venue&utm_medium=organic&utm_campaign=googlemybusiness_venue_organic_tottis&utm_content=website,1151,Eastern Suburbs,10411,Weekend friendly,General locals,
Makaveli Bondi,Bondi,4.9,1224,unknown,"bar, cafe",https://makavelibondi.com/,1151,Eastern Suburbs,10411,Weekend friendly,General locals,
Amalfi Bondi Beach,Bondi,4.7,299,unknown,bar,https://www.amalfibondibeach.com.au/,1151,Eastern Suburbs,10411,Weekend friendly,General locals,
Promenade Beach Bar,Bondi,4.4,897,unknown,bar,http://promenadebondibeach.com/,1151,Eastern Suburbs,10411,Weekend friendly,General locals,
Bondi Trattoria,Bondi,4.5,1215,$,,https://www.bonditrattoria.com.au/,1151,Eastern Suburbs,10411,Weekend friendly,Budget / community,1
Brown Sugar,Bondi,4.5,679,$,,https://brownsugarbondi.com.au/,1151,Eastern Suburbs,10411,Weekend friendly,Budget / community,1
Carbon Mexican Woodfire Restaurant Bondi,Bondi,4.5,1226,$$,bar,http://www.carbonmexican.com.au/,1151,Eastern Suburbs,10411,Weekend friendly,General locals,2
Ikaria Bondi,Bondi,4.6,511,unknown,,http://www.ikariabondi.com/,1151,Eastern Suburbs,10411,Weekend friendly,General locals,
Iberica,Bondi,4.8,300,unknown,,https://ibericabondi.com/,1151,Eastern Suburbs,10411,Weekend friendly,General locals,
Icebergs Dining Room and Bar,Bondi,4.1,2408,$$$,bar,http://www.idrb.com/,1151,Eastern Suburbs,10411,Weekend friendly,Affluent locals,3
Byblos Lebanese Cuisine,Bondi,4.8,453,unknown,,http://www.bybloslebanesecuisine.com.au/,1151,Eastern Suburbs,10411,Weekend friendly,General locals,
Macelleria Bondi Beach,Bondi,4.5,1991,$$,,http://www.macelleriabondi.com.au/,1151,Eastern Suburbs,10411,Weekend friendly,General locals,2
Sefa Kitchen Bondi,Bondi,4.5,387,$$,bar,http://www.sefakitchen.com.au/,1151,Eastern Suburbs,10411,Weekend friendly,General locals,2
"The Corner House, Bondi",Bondi,4.3,437,$$,,http://www.thecornerhouse.com.au/,1151,Eastern Suburbs,10411,Weekend friendly,General locals,2
El Indio Bondi Beach,Bondi,4.6,498,unknown,,http://www.elindiobondi.com/,1151,Eastern Suburbs,10411,Weekend friendly,General locals,
Mamis Bondi,Bondi,4.7,426,unknown,,https://www.instagram.com/mamis.food.bondi/?hl=en,1151,Eastern Suburbs,10411,Weekend friendly,General locals,
Don Pedros Bondi,Bondi,4.4,1166,$$,"bar, meal_takeaway",https://donpedros.com.au/,1151,Eastern Suburbs,10411,Weekend friendly,General locals,2
North Bondi Fish,Bondi,4.1,1267,$$$,meal_takeaway,https://www.northbondifish.com.au/?utm_source=google&utm_medium=organic&utm_campaign=gbp&utm_content=North_Bondi_Fish&utm_term=plcid_2446569835991579604,1151,Eastern Suburbs,10411,Weekend friendly,Affluent locals,3
Rocker,Bondi,4.4,527,$$,bar,http://www.rockerbondi.com.au/,1151,Eastern Suburbs,10411,Weekend friendly,General locals,2
bills,Bondi,4.0,1145,$$,,http://www.bills.com.au/,1151,Eastern Suburbs,10411,Weekend friendly,General locals,2
The Cottage Balmain,Balmain,4.6,971,$$,bar,http://thecottagebalmain.com.au/,1155,Inner West,10454,Weekend friendly,General locals,2
Berempah Malaysian Thai - Balmain,Balmain,4.7,156,unknown,,http://berempahmalaysian.com.au/,1155,Inner West,10454,Weekend friendly,General locals,
Elliott's,Balmain,4.5,155,unknown,,https://www.elliottsbalmain.au/,1155,Inner West,10454,Weekend friendly,General locals,
Mrs Pasta Balmain,Balmain,4.8,344,unknown,,https://mrspasta.com.au/,1155,Inner West,10454,Weekdays only,General locals,
The Dry Dock Public House and Dining Room,Balmain,4.5,917,unknown,bar,https://www.thedrydock.com.au/,1155,Inner West,10454,Weekend friendly,General locals,
The Fenwick,Balmain,4.6,3105,$$,tourist_attraction,https://srghospitality.com.au/venue/the-fenwick/,1155,Inner West,10454,Weekend friendly,Tourist friendly,2
Maysa Thai Balmain,Balmain,4.9,75,unknown,,https://maysabalmain.com.au/,1155,Inner West,10454,Weekdays only,General locals,
Forli Italian Restaurant,Balmain,4.7,583,unknown,"bakery, cafe, meal_delivery, meal_takeaway, store",https://www.forli.com.au/,1155,Inner West,10454,Weekend friendly,General locals,
Simo’s Kitchen,Balmain,4.5,154,unknown,"bar, grocery_or_supermarket, meal_delivery, meal_takeaway, store",https://www.simoskitchen.com.au/,1155,Inner West,10454,Weekend friendly,General locals,
Cantina Bar Balmain,Balmain,4.3,592,$$,bar,http://cantinabar.com.au/,1155,Inner West,10454,Weekend friendly,General locals,2
Shila Kitchen Balmain,Balmain,4.5,430,$$,,https://balmain.shilakitchen.com.au/,1155,Inner West,10454,Weekend friendly,General locals,2
Vietnam Delights Casual Dining,Balmain,4.9,52,unknown,,,1155,Inner West,10454,Weekdays only,General locals,
Dolce Napoli Balmain,Balmain,4.8,308,unknown,,http://www.dolcenapolibalmain.com.au/,1155,Inner West,10454,Weekend friendly,General locals,
Contessa Balmain,Balmain,4.5,537,$$,"bakery, cafe, meal_takeaway, store",http://contessabalmain.com.au/,1155,Inner West,10454,Weekend friendly,General locals,2
The Royal Oak,Balmain,4.3,732,$$,bar,https://www.royaloakbalmain.com.au/,1155,Inner West,10454,Weekend friendly,General locals,2
Phamous Kitchen,Balmain,4.6,322,$,,http://www.phamouskitchen.com/,1155,Inner West,10454,Weekend friendly,Budget / community,1
Urban Spices - Fine Curries and Cocktails,Balmain,4.9,602,unknown,,https://www.urbanspices.com.au/,1155,Inner West,10454,Weekend friendly,General locals,
The London Hotel,Balmain,4.4,1038,$$,bar,http://www.thelondonhotel.com.au/,1155,Inner West,10454,Weekend friendly,General locals,2
Soya Cafe Bar and Restaurant,Balmain,4.8,264,unknown,,http://www.soyabalmain.com.au/,1155,Inner West,10454,Weekend friendly,General locals,
The Riverview Hotel,Balmain,4.4,720,$$,bar,http://www.theriverviewhotel.com.au/,1155,Inner West,10454,Weekend friendly,General locals,2
